{
    "【单选题】国家安全是指一个国家处于没有危险和不受内外威胁的状态，以及保障持续安全状态的能力，其中不包括（ ）。": "国家政权人民福祉主权统一和领土完整经济社会可持续发展",
    "【单选题】总体国家安全观是（ ）提出的。": "习近平",
    "【单选题】对大学生进行系统的国家安全教育，能够提高大学生的（ ）。": "提高大学生的思想理论水平#\n培养大学生积极维护和塑造国家安全、推进国家安全体系和能力现代化的意识#\n引导大学生从政治大势、政治大局看问题#\n涵养对“国之大者”的认识",
    "【多选题】学习国家安全教育课程，大学生应该做到（ ）。": "把学习本课程与学习思想政治理论课程结合起来#\n学习辩证唯物主义和历史唯物主义",
    "【单选题】2014年4月15日，习近平在十八届中央国家安全委员会第一次会议上，创造性提出（）的概念并阐述其科学内涵，指出要准确把握国家安全形势变化新特点新趋势，坚持总体国家安全观，走出一条中国特色国家安全道路。": "2014年4月15日",
    "【单选题】党的十八大后不久，习近平就多次强调，“我们要坚决维护国家主权、安全、发展利益”，“要牢固树立安全发展理念，始终把（）放在第一位”，“我们的安全工作体制机制还不能适应维护国家安全的需要，需要搭建一个强有力的平台统筹国家安全工作”。": "人民群众生命安全",
    "【单选题】在（）革命时期，中国共产党团结带领广大人民群众积极投身于争取民族独立和人民解放的艰苦斗争之中，对国家安全的重要性有着刻骨铭心的认识，因而倍加珍视国家安全。": "新民主主义",
    "【单选题】在改革开放和社会主义现代化建设新时期，面对时代主题向和平与发展的深刻转变，中国共产党把（）确立为党和国家的中心任务，开启了改革开放伟大历程。": "经济建设",
    "【多选题】以毛泽东同志为主要代表的中国共产党人，将保卫新生的人民民主政权，维护（）作为国家安全工作的首要任务，充分利用当时国际格局的特点和主要矛盾，最大限度地维护和改善国家安全环境。": "国家独立#\n经济自主#\n文化自强#\n主权和领土完整",
    "【单选题】贯彻总体国家安全观，坚持政治安全、人民安全、国家利益至上有机统一，以（ ）安全为宗旨，以政治安全为根本，以经济安全为基础，捍卫国家主权和领土完整，防范化解重大安全风险，为实现中华民族伟大复兴提供坚强安全保障。": "人民",
    "【单选题】（ ）安全是总体国家安全观的根本，直接关系国家政权和制度稳定。": "政治",
    "【判断题】2020年12月，习近平坚持党中央对国家安全工作的集中统一领导，加强统筹协调，把党的领导贯穿到国家安全工作各方面全过程，推动各级党委（党组）把国家安全责任制落到实处。（ ）": "对",
    "【判断题】总体国家安全观强调国家安全工作必须由党中央集中统一领导。（ ）": "正确",
    "【多选题】高举合作、创新、法治、共赢的旗帜，推动树立（）的全球安全观，加强国际安全合作，完善全球安全治理体系，共同构建普遍安全的人类命运共同体。": "共同 综合 合作 可持续",
    "【多选题】文化安全主要是指国家文化相对处于没有危险和不受内外威胁的状态，以及保障、维护和塑造持续安全状态的能力。文化安全主要包括（）等方面的安全。": "文化安全",
    "【多选题】总体国家安全观的基本特征包括（ ）。": "人民性 --- 总体性 --- 兼容性 --- 实践性",
    "【判断题】政治安全主要是指国家政权、政治制度、政治秩序以及意识形态等方面免受威胁、侵犯、颠覆和破坏的客观状态，以及保障、维护和塑造持续安全状态的能力。（ ）": "对",
    "【单选题】以下各项表述中，对坚持党对国家安全的绝对领导理解不正确的是（）。": "执行党中央决策部署可以讲条件、搞变通",
    "【单选题】坚持党的绝对领导是做好国家安全工作的（）。": "根本原则",
    "【单选题】在践行总体国家安全观的过程中，我国共建共治共享的社会治理制度不断发展和完善，有效遏制了民族分裂势力、（）、暴力恐怖势力。": "共建共治共享",
    "【多选题】坚持党对国家安全工作的绝对领导，需要做到（）。": "完善集中统一、高效权威的国家安全领导体制#\n建立健全坚持和加强党的领导的组织体系、制度体系、工作机制#\n不断提高党把方向、谋大局、定政策、促改革的能力和定力",
    "【多选题】新时代党领导国家安全工作取得的开创性成就包括（）。": "加强国家安全体系和安全能力建设 # 进一步健全共建共治共享的社会治理制度 # 健全和完善国家安全法治体系",
    "【单选题】坚持走和平发展道路，促进自身安全和（）相协调。": "共同安全",
    "【单选题】影响国家安全因素来源的多样性和重叠性客观上决定了在维护国家安全中必须坚持（）。": "总体战",
    "【多选题】坚持总体战，统筹传统安全和非传统安全需要（）。": "对",
    "【判断题】维护国家安全仅是国家安全机关的职责，与其他社会成员无关。": "错",
    "【判断题】国家安全和经济发展是相互独立的，不需要统筹考虑。": "错误",
    "【单选题】国家安全体系和能力现代化是国家安全制度及其（）的集中体现，凝结着党领导国家安全工作的理论创新、实践创新和制度创新。": "对",
    "【单选题】国家安全能力是国家（）表现出来的治理效能。": "安全体系",
    "【多选题】推进国家安全体系和能力现代化的重点任务包括（）。": "坚决维护国家安全和社会安全,要完善社会治理体系",
    "【判断题】推进国家安全体系和能力现代化是国家治理体系和治理能力现代化建设的重要组成部分。": "正确",
    "【单选题】推动创新发展、协调发展、绿色发展、开放发展、共享发展，前提都是（）、社会稳定。没有安全和稳定，一切都无从谈起。": "国家安全",
    "【单选题】改革开放以来，党和国家始终高度重视正确处理改革、发展和（）的关系，始终把维护国家安全和社会安定作为基础性工作": "正确",
    "【多选题】当前，我国经济发展面临的复杂外部环境挑战包括（）。": "对",
    "【判断题】发展是中国共产党执政兴国的第一要务，也是基础性、根本性的工作。": "对",
    "【判断题】改革是经济社会发展的唯一动力，只要改革就能解决一切问题。": "错",
    "【单选题】发展是基础，（）不发展，一切都无从谈起。": "经济",
    "【单选题】历史一再证明，一切社会进步和文明发展都是建立在（）的基础之上的。": "发展",
    "【单选题】要让发展和安全两个目标有机融合，实现高质量发展和高水平安全的良性互动，这是（）的规律性要求。": "中国式现代化",
    "【判断题】安全是发展的条件，没有安全的发展往往是脆弱的、不稳定的。": "正确",
    "【判断题】发展和安全的平衡不是静止不变的，而是不断在解决二者之间的矛盾中实现的。": "错",
    "【单选题】新发展格局决不是封闭的国内循环，而是开放的（）。": "国内国际双循环",
    "【多选题】有效防范化解重大⻛险隐患的方法包括（）。": "补齐短板 # 加固底板",
    "【多选题】在坚持科学思维方法中树牢安全发展理念需要做到（）。": "坚持系统观念#\n坚持底线思维和极限思维#\n强化风险意识",
    "【判断题】坚持底线思维和极限思维意味着要对可能出现的最坏情形有充分的预见和准备。（ ）": "正确",
    "【单选题】保护（），是法治的根本目的。": "保护人民权益",
    "【多选题】中国共产党精神谱系中的（ ），正是对党保护人民生命安全伟大实践的精神书写。": "抗击\"非典\"精神#\n抗震救灾精神#\n张思德精神",
    "【多选题】以下各项举措中，有助于维护人民海外权益的是（）。": "加强我国海外安全保障能力建设#\n坚定捍卫国家主权、安全、发展利益#\n维护我国公民、法人在海外合法权益",
    "【判断题】坚持以人民安全为宗旨，就是要把人民安全作为出发点，但不需要贯穿总体国家安全观所涵盖的各领域全过程。": "错",
    "【判断题】我国《宪法》明确规定公民的私有财产不受侵犯。": "错",
    "【单选题】尊重和保障（）是中国共产党人的不懈追求。": "人权",
    "【多选题】调动人民群众维护国家安全的积极性，需要（）。": "加强国家安全宣传教育学习，提高全民国家安全意识#\n筑牢国家安全人民防线，动员社会力量共同参与#\n拓展人民群众参与维护公共安全的有效途径",
    "【判断题】食品药品安全社会关注度高，舆论燃点低，一旦出问题，很容易引起公众恐慌，甚至酿成群体性事件。": "对",
    "【单选题】进入新时代以来，我国（）逐步健全，医疗卫生服务的公平性、可及性、便利性、可负担性不断提升，居民就医感受明显改善，人们看病难、看病贵的问题逐步得到缓解，因病致贫、因病返贫问题得到有效解决。": "医疗卫生体系",
    "【单选题】目前，我国食品药品安全形势总体稳定向好，但同时也面临一系列风险挑战，不包括（）。": "药品研发创新能力成为世界第二",
    "【多选题】进入新时代以来，党在领导社会建设过程中取得一系列重要成就，主要包括（）。": "有力打击了社会黑恶势力#\n坚决阻遏了“三股势力”的社会渗透以及涉政治和意识形态的网络造谣传播#\n有效化解了改革过程中积累下来的突出社会矛盾",
    "【多选题】新时代维护人民安全面临的风险挑战包括（）。": "世界新军事革命深入发展，现代战争形态深刻变化带来新挑战#\n世界新一轮科技革命对我国未来生存发展带来挑战#\n国际战略格局深度演变，世界和周边地区局部战争和潜在战争风险不断#\n台海局势面临新一轮紧张，维护国家主权、统一和领土完整的任务更加艰巨",
    "【判断题】我国食品药品安全形势总体稳定向好，但仍存在一些问题和挑战，需要继续努力。": "对",
    "【单选题】下列不属于维护社会主义意识形态安全的重要措施是（）。": "推进教育事业高质量发展#\n重视互联网等新媒体的舆论阵地#\n坚持马克思主义在意识形态领域的指导地位",
    "【单选题】（）是我国社会主义国家政权的实质和主要内容，是指工人阶级领导的，以工农联盟为基础的，对人民实行民主和对敌人实行专政的国家制度。": "人民民主专政",
    "【多选题】我国社会主义性质的国体和政体决定了维护政权安全就是要（），用制度体系保障人民当家作主。": "保障人民权益#\n体现人民意志#\n激发人民创造活力",
    "【判断题】全过程人民民主是社会主义民主政治的本质属性，是最ㄬ泛、最真实、最管用的民主。": "全过程人民民主",
    "【判断题】意识形态工作是党的一项极端重要的工作，是为国家立心、为民族立魂的工作。": "正确",
    "【单选题】全面建设社会主义现代化国家、全面推进中华民族伟大复兴，关键在党。经过党的十八大以来不懈推进全面从严治党，党找到了（）这一跳出治乱兴衰历史周期率的第二个答案。": "自我革命",
    "【多选题】党面临的（）仍长期存在，对党的执政地位构成严重风险挑战。": "市场经济考验#\n改革开放考验#\n外部环境考验#\n执政考验",
    "【多选题】新时代政治安全面临的风险挑战包括（）。": "意识形态领域斗争复杂尖锐 # 策划“颜色革命”和“西化”中国图谋从未停歇 # “三股势力”等“分化”中国的威胁依然存在 # 解决大党独有难题过程长期艰巨",
    "【判断题】任何危害国家主权安全，挑战中央权力和基本法权威，利用香港、澳门对内地进行渗透破坏的活动，都是对“一国”底线的触碰，都是绝不能允许的。": "底线",
    "【判断题】西方敌对势力在我国策划“颜色革命”的战略图谋是长期的，他们从来没有停止过对我国实施“西化”战略。": "颜色革命",
    "【单选题】充分发挥党总揽全局、协调各方的领导核心作用，要通过（）保证党的路线方针政策和决策部署在国家工作中得到全面贯彻和有效执行。": "人民代表大会制度",
    "【单选题】（），就是要引导各族人民牢固树立休戚与共、荣辱与共、生死与共命运与共的共同体理念，这是新时代全面贯彻党的民族政策、维护我国政治安全的根本指导。": "共同体理念",
    "【多选题】中国特色社会主义理论自信源于（），蕴含着中国共产党运用马克思主义正确回答时代和实践提出的重大问题的卓越理论能力。": "马克思主义中国化时代化创新成果的科学性#\n中国特色社会主义伟大实践的深刻变革",
    "【多选题】维护政治安全，必须把坚持（）作为重大原则问题和根本工作方法。": "党的群众路线#\n党的组织路线",
    "【判断题】只有铸牢中华民族共同体意识，各民族共同维护好国家安全和社会稳定，构筑起维护国家统一和民族团结的坚固思想基础，才能有效抵御各种极端、分裂思想的渗透颠覆。": "对",
    "【单选题】维护（）是构建新发展格局的基础，是推动高质量发展、保障实体经济稳定运行的重要支撑。": "产业链供应链",
    "【单选题】经济秩序是指通过法律、经济伦理和行政手段建立起来的基本规则以及经济运行的有序性。经济秩序混乱对经济运行的负面影响不包括（）。": "经济自主权丧失，降低经济增长速度",
    "【多选题】经济发展安全主要是指国家的经济发展处于不受威胁，或者能够有效应对发展中各种风险的状态，以及保障、维护和塑造持续安全状态的能力。下列关于经济发展安全的含义描述，正确的有（）。": "对",
    "【判断题】坚持基本经济制度不动摇，是有效维护我国经济安全的底线要求，基本经济制度安全在国家经济安全中的地位至关重要。": "对",
    "【单选题】习近平指出：“越是面对风险挑战，越要稳住农业，越要确保粮食和重要副食品安全。”下列关于维护粮食安全的措施说法不正确的是（）。": "放松对农药和化肥使用的监管，增加农作物产量",
    "【多选题】经济方针政策是国家为有效管理经济运行、实现经济发展目标制定的指导原则和措施，主要包括（）。": "经济发展的指导方针#\n经济发展战略#\n产业政策#\n财政货币政策",
    "【判断题】经济全球化是不可抗拒的历史潮流，国与国之间分工合作、互利共赢是推动世界经济发展的内在要求。": "正确",
    "【判断题】加快建设现代化产业体系，要坚持把发展经济的着力点放在实体经济上。": "正确",
    "【判断题】经济方针政策事关经济发展和政治稳定大局，其制定主体只能是代表一个国家的合法政府，任何别的国家都不能插手。": "对",
    "【判断题】构建中国特色哲学社会科学，不需要借鉴国外的经验。（ ）": "错",
    "【单选题】维护文化安全，要坚定文艺创作的正确方向和人民立场，文艺工作的出发点和落脚点是（ ）": "不断满足人民精神文化需求",
    "【单选题】维护军事安全，确保枪杆子永远听党指挥，必须牢固确立（ ）的指导地位。": "习近平强军思想",
    "【单选题】宣传思想文化领域面临复杂情况，从国际上看，敌对势力对我国进行意识形态渗透的目的是（ ）": "颠覆中国共产党的领导和我国的社会主义制度",
    "【单选题】我国在科技领域面临外部打压遏制风险增加，主要体现在少数西方国家对我国（ ）": "在高科技领域大搞垄断打压、技术封锁",
    "【多选题】我国科技人才队伍存在的结构性矛盾包括（ ）。": "基础学科拔尖创新人才和国家战略人才培养比较薄弱#\n重大科研项目、重大工程、重点学科等领域领军人才不足#\n人工智能、半导体行业、高端制造业技能人才缺口较大",
    "【判断题】中华优秀传统文化延续着国家和民族的精神根脉，我们要原封不动地传承。（ ）": "错",
    "【判断题】世界新军事革命的发展对我国军事安全没有影响。（ ）": "错",
    "【单选题】提高公共安全治理水平，要推动公共安全治理模式（ ）": "从事后处置向事前预防转型",
    "【多选题】巩固提高一体化国家战略体系和能力，需要做到（ ）。": "在一体化上下功夫，实现国家战略能力最大化#\n高标准落实党的二十大相关战略部署#\n大力弘扬拥政爱民、拥军优属的光荣传统#\n巩固发展军政军民团结",
    "【单选题】中国坚持（），就是通过中国自身发展带动国际社会发展通过深植国际社会更好地实现中国自身发展，这离不开稳定安全的国际环境。": "高水平对外开放",
    "【单选题】中国坚持在（）基础上同各国发展友好合作，推动构建新型国际关系，深化拓展平等、开放、合作的全球伙伴关系。": "和平共处五项原则",
    "【多选题】2022年4月，习近平提出全球安全倡议，该倡议以“六个坚持”为核心要义，其中包括坚持（）的安全观。": "综合#\n可持续#\n共同#\n合作",
    "【多选题】习近平指出：“我们要继承和弘扬联合国宪章的宗旨和原则，构建以合作共赢为核心的新型国际关系，打造人类命运共同体。”新型国际关系强调（）。": "相互尊重#\n公平正义#\n合作共赢",
    "【判断题】中国坚持高水平对外开放，就是通过中国自身发展带动国际社会发展通过深植国际社会更好地实现中国自身发展，这离不开稳定安全的国际环境。": "高水平对外开放",
    "【单选题】下列关于“长臂管辖”实质的描述中，不正确的是（）。": "是维护国家安全的正当措施",
    "【单选题】在百年变局加速演进过程中，国际社会也进入新的发展、变革与调整时期，国际战略格局发生深刻演变。下列相关说法中，不正确的是（）。": "少数西方国家不断强化和扩大军事同盟",
    "【判断题】经济全球化是推动世界经济增长的引擎，虽然它带来了新问题，但不能就此把经济全球化一棍子打死。": "对",
    "【单选题】可再生资源安全主要由水资源安全、土地资源安全、（）以及新能源安全等构成。": "生物资源安全",
    "【多选题】维护资源安全的途径和方法包括（）。": "坚持正确核安全观，打造全球核安全命运共同体 # 强化国家责任，构筑严密持久防线 # 强化国际合作，推动协调并进势头",
    "【多选题】以下各项中，对我国资源安全面临的风险挑战理解正确的是（）。": "我国是一个富煤、贫油、少气的国家#\n我国绝大多数资源都面临过度开发的问题#\n我国矿产资源相对丰富，但人均占有量仅为世界的3/5左右",
    "【判断题】我国资源利用效率已经与世界先进水平相当。": "错",
    "【单选题】人工智能的快速发展与广泛应用导致一系列新问题的出现。下列说法中错误的是（）。": "人工智能会替代绝大部分劳动，引发结构性失业",
    "【单选题】（）是全球研发投入最集中、创新最活跃、应用最广泛、辐射带动作用最大的技术创新领域，是全球技术创新的竞争高地。": "网络信息技术",
    "【多选题】新时代维护国家网络安全面临的风险挑战包括（）。": "网络与人工智能核心技术仍然较为薄弱#\n网络意识形态斗争空前激烈#\n网络攻防成为国家博弈新方式#\n网络违法犯罪活动危害严重",
    "【多选题】人工智能安全就是要确保人工智能系统的安全性、可靠性和可控性，具有（）双重属性。": "对",
    "【多选题】网络事关国家安全、社会经济发展以及人民群众工作和生活，正在深刻改变和重塑人们的生产生活方式，为经济社会发展注入了新动能。国家网络安全包括（）。": "人工智能安全#\n数据安全#\n网络安全"
}